<?xml version="1.0" encoding="UTF-8"?>
<root>
  <emp>
    <First>Richard</First>
    <Last>Roberts</Last>
    <Salary>66747</Salary>
  </emp>
  <emp>
    <First>Walter</First>
    <Last>Morris</Last>
    <Salary>199045</Salary>
  </emp>
  <emp>
    <First>Tyler</First>
    <Last>Spencer</Last>
    <Salary>116502</Salary>
  </emp>
  <emp>
    <First>Jasmine</First>
    <Last>Perkins</Last>
    <Salary>174059</Salary>
  </emp>
  <emp>
    <First>Sarah</First>
    <Last>Bempn</Last>
    <Salary>162858</Salary>
  </emp>
  <emp>
    <First>Vanessa</First>
    <Last>Hawkins</Last>
    <Salary>189069</Salary>
  </emp>
  <emp>
    <First>Richard</First>
    <Last>Adams</Last>
    <Salary>182287</Salary>
  </emp>
  <emp>
    <First>Lydia</First>
    <Last>Mitchell</Last>
    <Salary>174006</Salary>
  </emp>
  <emp>
    <First>Ellia</First>
    <Last>Hill</Last>
    <Salary>158235</Salary>
  </emp>
  <emp>
    <First>Valeria</First>
    <Last>Howard</Last>
    <Salary>82941</Salary>
  </emp>
  <emp>
    <First>Reid</First>
    <Last>Miller</Last>
    <Salary>111537</Salary>
  </emp>
  <emp>
    <First>Jordan</First>
    <Last>Warren</Last>
    <Salary>161075</Salary>
  </emp>
  <emp>
    <First>Elian</First>
    <Last>Baker</Last>
    <Salary>102675</Salary>
  </emp>
  <emp>
    <First>Patrick</First>
    <Last>Harris</Last>
    <Salary>74995</Salary>
  </emp>
  <emp>
    <First>Steven</First>
    <Last>Sullivan</Last>
    <Salary>77499</Salary>
  </emp>
  <emp>
    <First>Audrey</First>
    <Last>Mason</Last>
    <Salary>170769</Salary>
  </emp>
  <emp>
    <First>Carlos</First>
    <Last>Barnes</Last>
    <Salary>56406</Salary>
  </emp>
  <emp>
    <First>Naomi</First>
    <Last>Richards</Last>
    <Salary>112086</Salary>
  </emp>
  <emp>
    <First>Edward</First>
    <Last>Kelly</Last>
    <Salary>146842</Salary>
  </emp>
  <emp>
    <First>Elise</First>
    <Last>Cole</Last>
    <Salary>195027</Salary>
  </emp>
  <emp>
    <First>Vivian</First>
    <Last>Montgomery</Last>
    <Salary>172473</Salary>
  </emp>
  <emp>
    <First>Byron</First>
    <Last>Warren</Last>
    <Salary>179038</Salary>
  </emp>
  <emp>
    <First>Agata</First>
    <Last>Richards</Last>
    <Salary>97409</Salary>
  </emp>
  <emp>
    <First>Tiana</First>
    <Last>Cameron</Last>
    <Salary>78588</Salary>
  </emp>
  <emp>
    <First>George</First>
    <Last>Williams</Last>
    <Salary>76546</Salary>
  </emp>
  <emp>
    <First>Richard</First>
    <Last>Phillips</Last>
    <Salary>34865</Salary>
  </emp>
  <emp>
    <First>Stella</First>
    <Last>Alexander</Last>
    <Salary>102961</Salary>
  </emp>
  <emp>
    <First>Violet</First>
    <Last>Crawford</Last>
    <Salary>96888</Salary>
  </emp>
  <emp>
    <First>Roland</First>
    <Last>Elliott</Last>
    <Salary>125981</Salary>
  </emp>
  <emp>
    <First>Roman</First>
    <Last>Taylor</Last>
    <Salary>178008</Salary>
  </emp>
  <emp>
    <First>Jacob</First>
    <Last>Dixon</Last>
    <Salary>31516</Salary>
  </emp>
  <emp>
    <First>Carina</First>
    <Last>Bempn</Last>
    <Salary>162728</Salary>
  </emp>
  <emp>
    <First>Dominik</First>
    <Last>Smith</Last>
    <Salary>177053</Salary>
  </emp>
  <emp>
    <First>Kate</First>
    <Last>Edwards</Last>
    <Salary>118019</Salary>
  </emp>
  <emp>
    <First>Harold</First>
    <Last>Cooper</Last>
    <Salary>136787</Salary>
  </emp>
  <emp>
    <First>Penelope</First>
    <Last>Myers</Last>
    <Salary>139911</Salary>
  </emp>
  <emp>
    <First>Maximilian</First>
    <Last>Morgan</Last>
    <Salary>107087</Salary>
  </emp>
  <emp>
    <First>Lana</First>
    <Last>Henderson</Last>
    <Salary>119074</Salary>
  </emp>
  <emp>
    <First>James</First>
    <Last>Turner</Last>
    <Salary>113917</Salary>
  </emp>
  <emp>
    <First>Amber</First>
    <Last>Fowler</Last>
    <Salary>65321</Salary>
  </emp>
  <emp>
    <First>Adele</First>
    <Last>Johnston</Last>
    <Salary>172015</Salary>
  </emp>
  <emp>
    <First>Eric</First>
    <Last>West</Last>
    <Salary>195454</Salary>
  </emp>
  <emp>
    <First>Alberta</First>
    <Last>Murphy</Last>
    <Salary>196397</Salary>
  </emp>
  <emp>
    <First>James</First>
    <Last>Cunningham</Last>
    <Salary>74690</Salary>
  </emp>
  <emp>
    <First>Sawyer</First>
    <Last>Reed</Last>
    <Salary>70449</Salary>
  </emp>
  <emp>
    <First>Briony</First>
    <Last>Harper</Last>
    <Salary>73896</Salary>
  </emp>
  <emp>
    <First>Aiden</First>
    <Last>Perkins</Last>
    <Salary>45458</Salary>
  </emp>
  <emp>
    <First>James</First>
    <Last>Watson</Last>
    <Salary>96856</Salary>
  </emp>
  <emp>
    <First>Ellia</First>
    <Last>Johnson</Last>
    <Salary>155982</Salary>
  </emp>
  <emp>
    <First>Lucas</First>
    <Last>Johnson</Last>
    <Salary>162301</Salary>
  </emp>
  <emp>
    <First>Vincent</First>
    <Last>Hill</Last>
    <Salary>91883</Salary>
  </emp>
  <emp>
    <First>Alfred</First>
    <Last>Holmes</Last>
    <Salary>128454</Salary>
  </emp>
  <emp>
    <First>Sabrina</First>
    <Last>Cunningham</Last>
    <Salary>141338</Salary>
  </emp>
  <emp>
    <First>Tess</First>
    <Last>Henderson</Last>
    <Salary>159292</Salary>
  </emp>
  <emp>
    <First>Melanie</First>
    <Last>Scott</Last>
    <Salary>177043</Salary>
  </emp>
  <emp>
    <First>Stuart</First>
    <Last>Fowler</Last>
    <Salary>187885</Salary>
  </emp>
  <emp>
    <First>Chelsea</First>
    <Last>Roberts</Last>
    <Salary>164158</Salary>
  </emp>
  <emp>
    <First>Byron</First>
    <Last>Rogers</Last>
    <Salary>80003</Salary>
  </emp>
  <emp>
    <First>Daisy</First>
    <Last>Riley</Last>
    <Salary>84773</Salary>
  </emp>
  <emp>
    <First>Rafael</First>
    <Last>Crawford</Last>
    <Salary>90138</Salary>
  </emp>
  <emp>
    <First>Amelia</First>
    <Last>Robinson</Last>
    <Salary>58010</Salary>
  </emp>
  <emp>
    <First>Adele</First>
    <Last>Robinson</Last>
    <Salary>86289</Salary>
  </emp>
  <emp>
    <First>Walter</First>
    <Last>Harris</Last>
    <Salary>52866</Salary>
  </emp>
  <emp>
    <First>Haris</First>
    <Last>Turner</Last>
    <Salary>35063</Salary>
  </emp>
  <emp>
    <First>Derek</First>
    <Last>Hunt</Last>
    <Salary>174308</Salary>
  </emp>
  <emp>
    <First>Kelsey</First>
    <Last>Spencer</Last>
    <Salary>159653</Salary>
  </emp>
  <emp>
    <First>Clark</First>
    <Last>Allen</Last>
    <Salary>144974</Salary>
  </emp>
  <emp>
    <First>Lyndon</First>
    <Last>Harper</Last>
    <Salary>81395</Salary>
  </emp>
  <emp>
    <First>Olivia</First>
    <Last>Moore</Last>
    <Salary>78727</Salary>
  </emp>
  <emp>
    <First>Emma</First>
    <Last>Mason</Last>
    <Salary>58890</Salary>
  </emp>
  <emp>
    <First>Charlie</First>
    <Last>Cameron</Last>
    <Salary>116716</Salary>
  </emp>
  <emp>
    <First>Kristian</First>
    <Last>Crawford</Last>
    <Salary>50741</Salary>
  </emp>
  <emp>
    <First>Paige</First>
    <Last>Nelson</Last>
    <Salary>54343</Salary>
  </emp>
  <emp>
    <First>Brooke</First>
    <Last>Tucker</Last>
    <Salary>113113</Salary>
  </emp>
  <emp>
    <First>Edgar</First>
    <Last>Bailey</Last>
    <Salary>95432</Salary>
  </emp>
  <emp>
    <First>Haris</First>
    <Last>Sullivan</Last>
    <Salary>94793</Salary>
  </emp>
  <emp>
    <First>Florrie</First>
    <Last>Kelly</Last>
    <Salary>157009</Salary>
  </emp>
  <emp>
    <First>Hailey</First>
    <Last>Foster</Last>
    <Salary>110890</Salary>
  </emp>
  <emp>
    <First>Kate</First>
    <Last>Chapman</Last>
    <Salary>161649</Salary>
  </emp>
  <emp>
    <First>Brianna</First>
    <Last>Thomas</Last>
    <Salary>112990</Salary>
  </emp>
  <emp>
    <First>Ted</First>
    <Last>Nelson</Last>
    <Salary>73190</Salary>
  </emp>
  <emp>
    <First>Andrew</First>
    <Last>Howard</Last>
    <Salary>53531</Salary>
  </emp>
  <emp>
    <First>Justin</First>
    <Last>Phillips</Last>
    <Salary>41444</Salary>
  </emp>
  <emp>
    <First>Fenton</First>
    <Last>Lloyd</Last>
    <Salary>184529</Salary>
  </emp>
  <emp>
    <First>Catherine</First>
    <Last>Turner</Last>
    <Salary>182824</Salary>
  </emp>
  <emp>
    <First>Nicholas</First>
    <Last>Tucker</Last>
    <Salary>188487</Salary>
  </emp>
  <emp>
    <First>Ryan</First>
    <Last>Bailey</Last>
    <Salary>172414</Salary>
  </emp>
  <emp>
    <First>Sam</First>
    <Last>Moore</Last>
    <Salary>146981</Salary>
  </emp>
  <emp>
    <First>Alexia</First>
    <Last>Walker</Last>
    <Salary>68490</Salary>
  </emp>
  <emp>
    <First>Jordan</First>
    <Last>Hamilton</Last>
    <Salary>57186</Salary>
  </emp>
  <emp>
    <First>Ashton</First>
    <Last>Tucker</Last>
    <Salary>37118</Salary>
  </emp>
  <emp>
    <First>Eleanor</First>
    <Last>Carter</Last>
    <Salary>96500</Salary>
  </emp>
  <emp>
    <First>Lucy</First>
    <Last>Cooper</Last>
    <Salary>113475</Salary>
  </emp>
  <emp>
    <First>Isabella</First>
    <Last>Hunt</Last>
    <Salary>59985</Salary>
  </emp>
  <emp>
    <First>Vivian</First>
    <Last>Sullivan</Last>
    <Salary>101564</Salary>
  </emp>
  <emp>
    <First>Haris</First>
    <Last>Stewart</Last>
    <Salary>87783</Salary>
  </emp>
  <emp>
    <First>Elise</First>
    <Last>Johnston</Last>
    <Salary>189638</Salary>
  </emp>
  <emp>
    <First>Edward</First>
    <Last>Gray</Last>
    <Salary>46537</Salary>
  </emp>
  <emp>
    <First>Jack</First>
    <Last>Miller</Last>
    <Salary>139178</Salary>
  </emp>
  <emp>
    <First>Grace</First>
    <Last>Foster</Last>
    <Salary>68365</Salary>
  </emp>
  <emp>
    <First>Eric</First>
    <Last>Morrison</Last>
    <Salary>75428</Salary>
  </emp>
  <emp>
    <First>Arthur</First>
    <Last>Hunt</Last>
    <Salary>55894</Salary>
  </emp>
  <emp>
    <First>Vanessa</First>
    <Last>Edwards</Last>
    <Salary>89107</Salary>
  </emp>
  <emp>
    <First>Charlotte</First>
    <Last>Fowler</Last>
    <Salary>99772</Salary>
  </emp>
  <emp>
    <First>Amber</First>
    <Last>Morris</Last>
    <Salary>139007</Salary>
  </emp>
  <emp>
    <First>Lucy</First>
    <Last>Cunningham</Last>
    <Salary>154539</Salary>
  </emp>
  <emp>
    <First>Aldus</First>
    <Last>Chapman</Last>
    <Salary>164565</Salary>
  </emp>
  <emp>
    <First>Leonardo</First>
    <Last>Ellis</Last>
    <Salary>96015</Salary>
  </emp>
  <emp>
    <First>Haris</First>
    <Last>Taylor</Last>
    <Salary>65428</Salary>
  </emp>
  <emp>
    <First>Sawyer</First>
    <Last>Farrell</Last>
    <Salary>126213</Salary>
  </emp>
  <emp>
    <First>Amy</First>
    <Last>Holmes</Last>
    <Salary>179006</Salary>
  </emp>
  <emp>
    <First>Maximilian</First>
    <Last>Phillips</Last>
    <Salary>108619</Salary>
  </emp>
  <emp>
    <First>Aston</First>
    <Last>Gray</Last>
    <Salary>149745</Salary>
  </emp>
  <emp>
    <First>Jessica</First>
    <Last>Craig</Last>
    <Salary>190450</Salary>
  </emp>
  <emp>
    <First>Florrie</First>
    <Last>Cooper</Last>
    <Salary>93148</Salary>
  </emp>
  <emp>
    <First>Adison</First>
    <Last>Henderson</Last>
    <Salary>132569</Salary>
  </emp>
  <emp>
    <First>Byron</First>
    <Last>Campbell</Last>
    <Salary>178937</Salary>
  </emp>
  <emp>
    <First>Anna</First>
    <Last>Perkins</Last>
    <Salary>65561</Salary>
  </emp>
  <emp>
    <First>Julian</First>
    <Last>Hawkins</Last>
    <Salary>79549</Salary>
  </emp>
  <emp>
    <First>Adele</First>
    <Last>Nelson</Last>
    <Salary>47426</Salary>
  </emp>
  <emp>
    <First>Adrianna</First>
    <Last>Montgomery</Last>
    <Salary>92748</Salary>
  </emp>
  <emp>
    <First>Ryan</First>
    <Last>Alexander</Last>
    <Salary>86668</Salary>
  </emp>
  <emp>
    <First>Adison</First>
    <Last>Carter</Last>
    <Salary>113927</Salary>
  </emp>
  <emp>
    <First>Alberta</First>
    <Last>Bennett</Last>
    <Salary>176223</Salary>
  </emp>
  <emp>
    <First>Daisy</First>
    <Last>Spencer</Last>
    <Salary>116653</Salary>
  </emp>
  <emp>
    <First>Stella</First>
    <Last>Harper</Last>
    <Salary>185492</Salary>
  </emp>
  <emp>
    <First>Kelvin</First>
    <Last>Owens</Last>
    <Salary>64006</Salary>
  </emp>
  <emp>
    <First>Ryan</First>
    <Last>Perry</Last>
    <Salary>106291</Salary>
  </emp>
  <emp>
    <First>Fenton</First>
    <Last>Fowler</Last>
    <Salary>32028</Salary>
  </emp>
  <emp>
    <First>Reid</First>
    <Last>Jones</Last>
    <Salary>173184</Salary>
  </emp>
  <emp>
    <First>Jack</First>
    <Last>Henderson</Last>
    <Salary>144656</Salary>
  </emp>
  <emp>
    <First>Natalie</First>
    <Last>Cole</Last>
    <Salary>77457</Salary>
  </emp>
  <emp>
    <First>Jessica</First>
    <Last>Campbell</Last>
    <Salary>199078</Salary>
  </emp>
  <emp>
    <First>Dominik</First>
    <Last>Casey</Last>
    <Salary>33763</Salary>
  </emp>
  <emp>
    <First>Aiden</First>
    <Last>Hall</Last>
    <Salary>147229</Salary>
  </emp>
  <emp>
    <First>Myra</First>
    <Last>Evans</Last>
    <Salary>138084</Salary>
  </emp>
  <emp>
    <First>Miranda</First>
    <Last>Bailey</Last>
    <Salary>158302</Salary>
  </emp>
  <emp>
    <First>Amy</First>
    <Last>Carter</Last>
    <Salary>111793</Salary>
  </emp>
  <emp>
    <First>Tyler</First>
    <Last>Montgomery</Last>
    <Salary>34099</Salary>
  </emp>
  <emp>
    <First>Nicholas</First>
    <Last>Myers</Last>
    <Salary>193731</Salary>
  </emp>
  <emp>
    <First>Walter</First>
    <Last>Perry</Last>
    <Salary>38006</Salary>
  </emp>
  <emp>
    <First>Hailey</First>
    <Last>Hunt</Last>
    <Salary>183105</Salary>
  </emp>
  <emp>
    <First>Aida</First>
    <Last>Adams</Last>
    <Salary>102349</Salary>
  </emp>
  <emp>
    <First>Dominik</First>
    <Last>Chapman</Last>
    <Salary>157751</Salary>
  </emp>
  <emp>
    <First>Catherine</First>
    <Last>Hill</Last>
    <Salary>173555</Salary>
  </emp>
  <emp>
    <First>Kelvin</First>
    <Last>Riley</Last>
    <Salary>165498</Salary>
  </emp>
  <emp>
    <First>Paul</First>
    <Last>Foster</Last>
    <Salary>90320</Salary>
  </emp>
  <emp>
    <First>Dale</First>
    <Last>Turner</Last>
    <Salary>152492</Salary>
  </emp>
  <emp>
    <First>Melanie</First>
    <Last>Warren</Last>
    <Salary>31058</Salary>
  </emp>
  <emp>
    <First>Eleanor</First>
    <Last>Phillips</Last>
    <Salary>139869</Salary>
  </emp>
  <emp>
    <First>Robert</First>
    <Last>Gray</Last>
    <Salary>169918</Salary>
  </emp>
  <emp>
    <First>Fiona</First>
    <Last>Owens</Last>
    <Salary>93806</Salary>
  </emp>
  <emp>
    <First>Catherine</First>
    <Last>Chapman</Last>
    <Salary>196538</Salary>
  </emp>
  <emp>
    <First>Audrey</First>
    <Last>Johnston</Last>
    <Salary>83845</Salary>
  </emp>
  <emp>
    <First>Sofia</First>
    <Last>Wells</Last>
    <Salary>70029</Salary>
  </emp>
  <emp>
    <First>Julia</First>
    <Last>Morris</Last>
    <Salary>113190</Salary>
  </emp>
  <emp>
    <First>Natalie</First>
    <Last>Scott</Last>
    <Salary>69336</Salary>
  </emp>
  <emp>
    <First>Grace</First>
    <Last>Cooper</Last>
    <Salary>104035</Salary>
  </emp>
  <emp>
    <First>Jordan</First>
    <Last>Foster</Last>
    <Salary>189481</Salary>
  </emp>
  <emp>
    <First>Thomas</First>
    <Last>Allen</Last>
    <Salary>71365</Salary>
  </emp>
  <emp>
    <First>Michelle</First>
    <Last>Phillips</Last>
    <Salary>77219</Salary>
  </emp>
  <emp>
    <First>Walter</First>
    <Last>Morrison</Last>
    <Salary>134137</Salary>
  </emp>
  <emp>
    <First>Sofia</First>
    <Last>Casey</Last>
    <Salary>118822</Salary>
  </emp>
  <emp>
    <First>Dexter</First>
    <Last>Alexander</Last>
    <Salary>76296</Salary>
  </emp>
  <emp>
    <First>Blake</First>
    <Last>Craig</Last>
    <Salary>137900</Salary>
  </emp>
  <emp>
    <First>Lenny</First>
    <Last>Foster</Last>
    <Salary>66050</Salary>
  </emp>
  <emp>
    <First>Harold</First>
    <Last>Perry</Last>
    <Salary>184381</Salary>
  </emp>
  <emp>
    <First>Sofia</First>
    <Last>Richards</Last>
    <Salary>96201</Salary>
  </emp>
  <emp>
    <First>Michael</First>
    <Last>Carroll</Last>
    <Salary>147844</Salary>
  </emp>
  <emp>
    <First>Charlotte</First>
    <Last>Wilson</Last>
    <Salary>188480</Salary>
  </emp>
  <emp>
    <First>Samantha</First>
    <Last>Kelly</Last>
    <Salary>89932</Salary>
  </emp>
  <emp>
    <First>Victoria</First>
    <Last>Thomas</Last>
    <Salary>155850</Salary>
  </emp>
  <emp>
    <First>Henry</First>
    <Last>Adams</Last>
    <Salary>171585</Salary>
  </emp>
  <emp>
    <First>Melanie</First>
    <Last>Murphy</Last>
    <Salary>162282</Salary>
  </emp>
  <emp>
    <First>Dainton</First>
    <Last>Watson</Last>
    <Salary>113601</Salary>
  </emp>
  <emp>
    <First>Tyler</First>
    <Last>Edwards</Last>
    <Salary>145139</Salary>
  </emp>
  <emp>
    <First>Kristian</First>
    <Last>Rogers</Last>
    <Salary>127779</Salary>
  </emp>
  <emp>
    <First>Alan</First>
    <Last>Craig</Last>
    <Salary>173921</Salary>
  </emp>
  <emp>
    <First>David</First>
    <Last>Mitchell</Last>
    <Salary>97630</Salary>
  </emp>
  <emp>
    <First>Paul</First>
    <Last>Moore</Last>
    <Salary>128838</Salary>
  </emp>
  <emp>
    <First>Garry</First>
    <Last>Howard</Last>
    <Salary>113790</Salary>
  </emp>
  <emp>
    <First>Chelsea</First>
    <Last>Mason</Last>
    <Salary>67548</Salary>
  </emp>
  <emp>
    <First>Ned</First>
    <Last>Stevens</Last>
    <Salary>192645</Salary>
  </emp>
  <emp>
    <First>Fenton</First>
    <Last>Cooper</Last>
    <Salary>110327</Salary>
  </emp>
  <emp>
    <First>Jenna</First>
    <Last>Kelley</Last>
    <Salary>121394</Salary>
  </emp>
  <emp>
    <First>Byron</First>
    <Last>Russell</Last>
    <Salary>62673</Salary>
  </emp>
  <emp>
    <First>George</First>
    <Last>Payne</Last>
    <Salary>193517</Salary>
  </emp>
  <emp>
    <First>Antony</First>
    <Last>Stevens</Last>
    <Salary>160730</Salary>
  </emp>
  <emp>
    <First>Amanda</First>
    <Last>Taylor</Last>
    <Salary>136709</Salary>
  </emp>
  <emp>
    <First>Daniel</First>
    <Last>Morrison</Last>
    <Salary>182998</Salary>
  </emp>
  <emp>
    <First>Derek</First>
    <Last>Higgins</Last>
    <Salary>32095</Salary>
  </emp>
  <emp>
    <First>Stuart</First>
    <Last>Tucker</Last>
    <Salary>183928</Salary>
  </emp>
  <emp>
    <First>Alissa</First>
    <Last>Wells</Last>
    <Salary>117134</Salary>
  </emp>
  <emp>
    <First>Amber</First>
    <Last>Johnson</Last>
    <Salary>120917</Salary>
  </emp>
  <emp>
    <First>Freddie</First>
    <Last>Reed</Last>
    <Salary>60224</Salary>
  </emp>
  <emp>
    <First>Preston</First>
    <Last>Myers</Last>
    <Salary>55034</Salary>
  </emp>
  <emp>
    <First>Savana</First>
    <Last>Johnston</Last>
    <Salary>156967</Salary>
  </emp>
  <emp>
    <First>Belinda</First>
    <Last>Casey</Last>
    <Salary>44604</Salary>
  </emp>
  <emp>
    <First>Savana</First>
    <Last>Dixon</Last>
    <Salary>121236</Salary>
  </emp>
  <emp>
    <First>Alen</First>
    <Last>Wright</Last>
    <Salary>104811</Salary>
  </emp>
</root>